CityName,Country,MarketId,MONDAY,TUESDAY,WEDNESDAY,THURSDAY,FRIDAY,SATURDAY,SUNDAY
ABIDJAN,CIV,2,OPENED,OPENED,OPENED,OPENED,OPENED,CLOSED,CLOSED
ABUJA,NGN,3,OPENED,OPENED,OPENED,OPENED,OPENED,CLOSED,CLOSED
AMMAN,JOR,4,OPENED,OPENED,OPENED,OPENED,OPENED,CLOSED,CLOSED
AMSTERDAM,NLD,5,OPENED,OPENED,OPENED,OPENED,OPENED,CLOSED,CLOSED
ANDORRE,AND,6,OPENED,OPENED,OPENED,OPENED,OPENED,CLOSED,CLOSED
ASTANA,KAZ,7,OPENED,OPENED,OPENED,OPENED,OPENED,CLOSED,CLOSED
ATHENES,GRC,8,OPENED,OPENED,OPENED,OPENED,OPENED,CLOSED,CLOSED
AUCKLAND,NZD,9,OPENED,OPENED,OPENED,OPENED,OPENED,CLOSED,CLOSED
BANGKOK,THA,10,OPENED,OPENED,OPENED,OPENED,OPENED,CLOSED,CLOSED
BEIJING,CHN,11,OPENED,OPENED,OPENED,OPENED,OPENED,CLOSED,CLOSED
BELGRADE,SRB,12,OPENED,OPENED,OPENED,OPENED,OPENED,CLOSED,CLOSED
BENGALORE,IND,13,OPENED,OPENED,OPENED,OPENED,OPENED,CLOSED,CLOSED
BERLIN,DEU,14,OPENED,OPENED,OPENED,OPENED,OPENED,CLOSED,CLOSED
BERNE,CHE,15,OPENED,OPENED,OPENED,OPENED,OPENED,CLOSED,CLOSED
BEYROUTH,LBN,16,OPENED,OPENED,OPENED,OPENED,OPENED,CLOSED,CLOSED
BOGOTA,COL,17,OPENED,OPENED,OPENED,OPENED,OPENED,CLOSED,CLOSED
BOMBAY,IND,18,OPENED,OPENED,OPENED,OPENED,OPENED,CLOSED,CLOSED
BOSTON,USA,19,OPENED,OPENED,OPENED,OPENED,OPENED,CLOSED,CLOSED
BRASILIA,BRZ,20,OPENED,OPENED,OPENED,OPENED,OPENED,CLOSED,CLOSED
BRATISLAVA,SVK,21,OPENED,OPENED,OPENED,OPENED,OPENED,CLOSED,CLOSED
BRUSSELL,BEL,22,OPENED,OPENED,OPENED,OPENED,OPENED,CLOSED,CLOSED
BUCHAREST,ROM,23,OPENED,OPENED,OPENED,OPENED,OPENED,CLOSED,CLOSED
BUDAPEST,HUN,24,OPENED,OPENED,OPENED,OPENED,OPENED,CLOSED,CLOSED
BUENOS-AIRES,ARG,25,OPENED,OPENED,OPENED,OPENED,OPENED,CLOSED,CLOSED
CAIRO,EGY,26,OPENED,OPENED,OPENED,OPENED,OPENED,CLOSED,CLOSED
CARACAS,VEN,27,OPENED,OPENED,OPENED,OPENED,OPENED,CLOSED,CLOSED
CASABLANCA,MAR,28,OPENED,OPENED,OPENED,OPENED,OPENED,CLOSED,CLOSED
CBKI1554,SWE,29,OPENED,OPENED,OPENED,OPENED,OPENED,CLOSED,CLOSED
CBKI1639,SWE,30,OPENED,OPENED,OPENED,OPENED,OPENED,CLOSED,CLOSED
CBKI1653,SWE,31,OPENED,OPENED,OPENED,OPENED,OPENED,CLOSED,CLOSED
CBKI1662,SWE,32,OPENED,OPENED,OPENED,OPENED,OPENED,CLOSED,CLOSED
CBKI1762,GBR,33,OPENED,OPENED,OPENED,OPENED,OPENED,CLOSED,CLOSED
CBKI1802,GBR,34,OPENED,OPENED,OPENED,OPENED,OPENED,CLOSED,CLOSED
CBKI1841,GBR,35,OPENED,OPENED,OPENED,OPENED,OPENED,CLOSED,CLOSED
CBKI2C16,SWE,36,OPENED,OPENED,OPENED,OPENED,OPENED,CLOSED,CLOSED
CBKIARF2,GBR,37,OPENED,OPENED,OPENED,OPENED,OPENED,CLOSED,CLOSED
CBKIATIG,GBR,38,OPENED,OPENED,OPENED,OPENED,OPENED,CLOSED,CLOSED
CBKIBEAI,GBR,39,OPENED,OPENED,OPENED,OPENED,OPENED,CLOSED,CLOSED
CBKIBI19,DEU,40,OPENED,OPENED,OPENED,OPENED,OPENED,CLOSED,CLOSED
CBKICONA,GBR,41,OPENED,OPENED,OPENED,OPENED,OPENED,CLOSED,CLOSED
CBKICS16,DEU,42,OPENED,OPENED,OPENED,OPENED,OPENED,CLOSED,CLOSED
CBKICT11,DEU,43,OPENED,OPENED,OPENED,OPENED,OPENED,CLOSED,CLOSED
CBKIDIMA,GBR,44,OPENED,OPENED,OPENED,OPENED,OPENED,CLOSED,CLOSED
CBKIDIMR,GBR,45,OPENED,OPENED,OPENED,OPENED,OPENED,CLOSED,CLOSED
CBKIFMEF,GBR,46,OPENED,OPENED,OPENED,OPENED,OPENED,CLOSED,CLOSED
CBKIGD15,DEU,47,OPENED,OPENED,OPENED,OPENED,OPENED,CLOSED,CLOSED
CBKIGDU4,DEU,48,OPENED,OPENED,OPENED,OPENED,OPENED,CLOSED,CLOSED
CBKIGIN2,GBR,49,OPENED,OPENED,OPENED,OPENED,OPENED,CLOSED,CLOSED
CBKIGINF,GBR,50,OPENED,OPENED,OPENED,OPENED,OPENED,CLOSED,CLOSED
CBKIGLBD,GBR,51,OPENED,OPENED,OPENED,OPENED,OPENED,CLOSED,CLOSED
CBKIGR10,GBR,52,OPENED,OPENED,OPENED,OPENED,OPENED,CLOSED,CLOSED
CBKIGRA2,SWE,53,OPENED,OPENED,OPENED,OPENED,OPENED,CLOSED,CLOSED
CBKIGRAA,SWE,54,OPENED,OPENED,OPENED,OPENED,OPENED,CLOSED,CLOSED
CBKIGTEC,GBR,55,OPENED,OPENED,OPENED,OPENED,OPENED,CLOSED,CLOSED
CBKIHYE2,GBR,56,OPENED,OPENED,OPENED,OPENED,OPENED,CLOSED,CLOSED
CBKIHYEE,GBR,57,OPENED,OPENED,OPENED,OPENED,OPENED,CLOSED,CLOSED
CBKIMAFE,GBR,58,OPENED,OPENED,OPENED,OPENED,OPENED,CLOSED,CLOSED
CBKIOCIL,GBR,59,OPENED,OPENED,OPENED,OPENED,OPENED,CLOSED,CLOSED
CBKIOL14,DEU,60,OPENED,OPENED,OPENED,OPENED,OPENED,CLOSED,CLOSED
CBKIREER,GBR,61,OPENED,OPENED,OPENED,OPENED,OPENED,CLOSED,CLOSED
CBKIRID2,GBR,62,OPENED,OPENED,OPENED,OPENED,OPENED,CLOSED,CLOSED
CBKIRIDE,GBR,63,OPENED,OPENED,OPENED,OPENED,OPENED,CLOSED,CLOSED
CBKIRPE5,DEU,64,OPENED,OPENED,OPENED,OPENED,OPENED,CLOSED,CLOSED
CBKIRPGL,DEU,65,OPENED,OPENED,OPENED,OPENED,OPENED,CLOSED,CLOSED
CBKISC16,SWE,66,OPENED,OPENED,OPENED,OPENED,OPENED,CLOSED,CLOSED
CBKISEC9,DEU,67,OPENED,OPENED,OPENED,OPENED,OPENED,CLOSED,CLOSED
CBKISEMI,DEU,68,OPENED,OPENED,OPENED,OPENED,OPENED,CLOSED,CLOSED
CBKISIIF,GBR,69,OPENED,OPENED,OPENED,OPENED,OPENED,CLOSED,CLOSED
CBKISSBF,GBR,70,OPENED,OPENED,OPENED,OPENED,OPENED,CLOSED,CLOSED
CBKITA5E,GBR,71,OPENED,OPENED,OPENED,OPENED,OPENED,CLOSED,CLOSED
CBKITEC2,GBR,72,OPENED,OPENED,OPENED,OPENED,OPENED,CLOSED,CLOSED
CBKITRAA,SWE,73,OPENED,OPENED,OPENED,OPENED,OPENED,CLOSED,CLOSED
CBKIUS13,DEU,74,OPENED,OPENED,OPENED,OPENED,OPENED,CLOSED,CLOSED
CBKSCAF1,SWE,75,OPENED,OPENED,OPENED,OPENED,OPENED,CLOSED,CLOSED
CBKSCCB1,SWE,76,OPENED,OPENED,OPENED,OPENED,OPENED,CLOSED,CLOSED
CBKSCNCB,SWE,77,OPENED,OPENED,OPENED,OPENED,OPENED,CLOSED,CLOSED
CBKSCSFB,SWE,78,OPENED,OPENED,OPENED,OPENED,OPENED,CLOSED,CLOSED
CBKSEMB1,GBR,79,OPENED,OPENED,OPENED,OPENED,OPENED,CLOSED,CLOSED
CBKSEMB2,GBR,80,OPENED,OPENED,OPENED,OPENED,OPENED,CLOSED,CLOSED
CBKSFED1,GBR,81,OPENED,OPENED,OPENED,OPENED,OPENED,CLOSED,CLOSED
CBKSFED2,GBR,82,OPENED,OPENED,OPENED,OPENED,OPENED,CLOSED,CLOSED
CBKSG2T9,SWE,83,OPENED,OPENED,OPENED,OPENED,OPENED,CLOSED,CLOSED
CBKSGBNK,GBR,84,OPENED,OPENED,OPENED,OPENED,OPENED,CLOSED,CLOSED
CBKSGFHC,SWE,85,OPENED,OPENED,OPENED,OPENED,OPENED,CLOSED,CLOSED
CBKSGHY1,GBR,86,OPENED,OPENED,OPENED,OPENED,OPENED,CLOSED,CLOSED
CBKSGHY2,GBR,87,OPENED,OPENED,OPENED,OPENED,OPENED,CLOSED,CLOSED
CBKSGRT9,SWE,88,OPENED,OPENED,OPENED,OPENED,OPENED,CLOSED,CLOSED
CBKSOAKF,GBR,89,OPENED,OPENED,OPENED,OPENED,OPENED,CLOSED,CLOSED
CBKSOAKG,GBR,90,OPENED,OPENED,OPENED,OPENED,OPENED,CLOSED,CLOSED
CECEEUR,POL,91,OPENED,OPENED,OPENED,OPENED,OPENED,CLOSED,CLOSED
CHICAGO,USA,92,OPENED,OPENED,OPENED,OPENED,OPENED,CLOSED,CLOSED
CHIXAUS,AUS,93,OPENED,OPENED,OPENED,OPENED,OPENED,CLOSED,CLOSED
CHIXJPN,JPN,94,OPENED,OPENED,OPENED,OPENED,OPENED,CLOSED,CLOSED
CMECL,USA,95,OPENED,OPENED,OPENED,OPENED,OPENED,CLOSED,CLOSED
COLOMBO,LKA,96,OPENED,OPENED,OPENED,OPENED,OPENED,CLOSED,CLOSED
COPENHAGEN,DNK,97,OPENED,OPENED,OPENED,OPENED,OPENED,CLOSED,CLOSED
CUBEMAP3,USA,98,OPENED,OPENED,OPENED,OPENED,OPENED,CLOSED,CLOSED
CUSTOM,DEU,99,OPENED,OPENED,OPENED,OPENED,OPENED,CLOSED,CLOSED
DACCA,BGD,100,OPENED,OPENED,OPENED,OPENED,OPENED,CLOSED,CLOSED
DBSAWIN1,HKG,101,OPENED,OPENED,OPENED,OPENED,OPENED,CLOSED,CLOSED
DBSFSB,SGP,102,OPENED,OPENED,OPENED,OPENED,OPENED,CLOSED,CLOSED
DBSFSB2,USA,103,OPENED,OPENED,OPENED,OPENED,OPENED,CLOSED,CLOSED
DFLPREMIA,JPN,104,OPENED,OPENED,OPENED,OPENED,OPENED,CLOSED,CLOSED
DJEDDAH,SAU,105,OPENED,OPENED,OPENED,OPENED,OPENED,CLOSED,CLOSED
DUBLIN,IRL,106,OPENED,OPENED,OPENED,OPENED,OPENED,CLOSED,CLOSED
DWS2_INDEX,FRA,107,OPENED,OPENED,OPENED,OPENED,OPENED,CLOSED,CLOSED
DWSGAXVC,USA,108,OPENED,OPENED,OPENED,OPENED,OPENED,CLOSED,CLOSED
DWSGBXVB,USA,109,OPENED,OPENED,OPENED,OPENED,OPENED,CLOSED,CLOSED
DWSGMXVC,USA,110,OPENED,OPENED,OPENED,OPENED,OPENED,CLOSED,CLOSED
DWSWIX_INDEX,CHE,111,OPENED,OPENED,OPENED,OPENED,OPENED,CLOSED,CLOSED
DWS_INDEX,FRA,112,OPENED,OPENED,OPENED,OPENED,OPENED,CLOSED,CLOSED
EMIRAT-ARABE,ARE,113,OPENED,OPENED,OPENED,OPENED,OPENED,CLOSED,CLOSED
ERIX,CHE,114,OPENED,OPENED,OPENED,OPENED,OPENED,CLOSED,CLOSED
ETHER,ZZZ,115,OPENED,OPENED,OPENED,OPENED,OPENED,CLOSED,CLOSED
EUROCITY,FRA,116,OPENED,OPENED,OPENED,OPENED,OPENED,CLOSED,CLOSED
FRIDAY,USA,117,OPENED,OPENED,OPENED,OPENED,OPENED,CLOSED,CLOSED
FRKFT,DEU,118,OPENED,OPENED,OPENED,OPENED,OPENED,CLOSED,CLOSED
FUKUOKA,JPN,119,OPENED,OPENED,OPENED,OPENED,OPENED,CLOSED,CLOSED
GLOBEVO,FRA,120,OPENED,OPENED,OPENED,OPENED,OPENED,CLOSED,CLOSED
HAMBURG,DEU,121,OPENED,OPENED,OPENED,OPENED,OPENED,CLOSED,CLOSED
HAMILTON,BMU,122,OPENED,OPENED,OPENED,OPENED,OPENED,CLOSED,CLOSED
HANOI,VNM,123,OPENED,OPENED,OPENED,OPENED,OPENED,CLOSED,CLOSED
HELSINKI,FIN,124,OPENED,OPENED,OPENED,OPENED,OPENED,CLOSED,CLOSED
HONG-KONG,HKG,125,OPENED,OPENED,OPENED,OPENED,OPENED,CLOSED,CLOSED
IBOXUSLT,USA,126,OPENED,OPENED,OPENED,OPENED,OPENED,CLOSED,CLOSED
IMM_FNEW,USA,127,OPENED,OPENED,OPENED,OPENED,OPENED,CLOSED,CLOSED
INBBSFCPA,USA,128,OPENED,OPENED,OPENED,OPENED,OPENED,CLOSED,CLOSED
INBSCMA2,USA,129,OPENED,OPENED,OPENED,OPENED,OPENED,CLOSED,CLOSED
INBSFCPA,USA,130,OPENED,OPENED,OPENED,OPENED,OPENED,CLOSED,CLOSED
INBSGMSA,USA,131,OPENED,OPENED,OPENED,OPENED,OPENED,CLOSED,CLOSED
INBSLCA,USA,132,OPENED,OPENED,OPENED,OPENED,OPENED,CLOSED,CLOSED
INBSSTRM,USA,133,OPENED,OPENED,OPENED,OPENED,OPENED,CLOSED,CLOSED
INCGBOC2,USA,134,OPENED,OPENED,OPENED,OPENED,OPENED,CLOSED,CLOSED
INCMBCFM,USA,135,OPENED,OPENED,OPENED,OPENED,OPENED,CLOSED,CLOSED
IND1ABST,USA,136,OPENED,OPENED,OPENED,OPENED,OPENED,CLOSED,CLOSED
IND1AKDI,DEU,137,OPENED,OPENED,OPENED,OPENED,OPENED,CLOSED,CLOSED
IND1AXBS,DEU,138,OPENED,OPENED,OPENED,OPENED,OPENED,CLOSED,CLOSED
IND1CGMB,USA,139,OPENED,OPENED,OPENED,OPENED,OPENED,CLOSED,CLOSED
IND1CTVT,LUX,140,OPENED,OPENED,OPENED,OPENED,OPENED,CLOSED,CLOSED
IND1DIEB,DEU,141,OPENED,OPENED,OPENED,OPENED,OPENED,CLOSED,CLOSED
IND1DREB,DEU,142,OPENED,OPENED,OPENED,OPENED,OPENED,CLOSED,CLOSED
IND1EARX,DEU,143,OPENED,OPENED,OPENED,OPENED,OPENED,CLOSED,CLOSED
IND1FUT8,JPN,144,OPENED,OPENED,OPENED,OPENED,OPENED,CLOSED,CLOSED
IND1GAL3,DEU,145,OPENED,OPENED,OPENED,OPENED,OPENED,CLOSED,CLOSED
IND1HTTS,USA,146,OPENED,OPENED,OPENED,OPENED,OPENED,CLOSED,CLOSED
IND1INDX,DEU,147,OPENED,OPENED,OPENED,OPENED,OPENED,CLOSED,CLOSED
IND1KGVT,LUX,148,OPENED,OPENED,OPENED,OPENED,OPENED,CLOSED,CLOSED
IND1LAR,DEU,149,OPENED,OPENED,OPENED,OPENED,OPENED,CLOSED,CLOSED
IND1LAR3,DEU,150,OPENED,OPENED,OPENED,OPENED,OPENED,CLOSED,CLOSED
IND1LOBU,USA,151,OPENED,OPENED,OPENED,OPENED,OPENED,CLOSED,CLOSED
IND1MMB,DEU,152,OPENED,OPENED,OPENED,OPENED,OPENED,CLOSED,CLOSED
IND1NAVI,TUR,153,OPENED,OPENED,OPENED,OPENED,OPENED,CLOSED,CLOSED
IND1OTPF,DEU,155,OPENED,OPENED,OPENED,OPENED,OPENED,CLOSED,CLOSED
IND1OTPT,FRA,156,OPENED,OPENED,OPENED,OPENED,OPENED,CLOSED,CLOSED
IND1PROS,DEU,157,OPENED,OPENED,OPENED,OPENED,OPENED,CLOSED,CLOSED
IND1SBTI,FRA,158,OPENED,OPENED,OPENED,OPENED,OPENED,CLOSED,CLOSED
IND1SPSC,USA,159,OPENED,OPENED,OPENED,OPENED,OPENED,CLOSED,CLOSED
IND1SSDI,USA,160,OPENED,OPENED,OPENED,OPENED,OPENED,CLOSED,CLOSED
IND1STMA,DEU,161,OPENED,OPENED,OPENED,OPENED,OPENED,CLOSED,CLOSED
IND1SWSC,HKG,162,OPENED,OPENED,OPENED,OPENED,OPENED,CLOSED,CLOSED
IND1TPD,FRA,163,OPENED,OPENED,OPENED,OPENED,OPENED,CLOSED,CLOSED
IND1TPDS,DEU,164,OPENED,OPENED,OPENED,OPENED,OPENED,CLOSED,CLOSED
IND1TPDW,DEU,165,OPENED,OPENED,OPENED,OPENED,OPENED,CLOSED,CLOSED
IND1UK10,GBR,166,OPENED,OPENED,OPENED,OPENED,OPENED,CLOSED,CLOSED
IND1VRAW,DEU,167,OPENED,OPENED,OPENED,OPENED,OPENED,CLOSED,CLOSED
IND1WFF6,USA,168,OPENED,OPENED,OPENED,OPENED,OPENED,CLOSED,CLOSED
INDBEFXM,USA,169,OPENED,OPENED,OPENED,OPENED,OPENED,CLOSED,CLOSED
INDBNOAR,USA,170,OPENED,OPENED,OPENED,OPENED,OPENED,CLOSED,CLOSED
INDFQCMA,USA,171,OPENED,OPENED,OPENED,OPENED,OPENED,CLOSED,CLOSED
INDIA15P,DEU,172,OPENED,OPENED,OPENED,OPENED,OPENED,CLOSED,CLOSED
INDLRBG5,HKG,173,OPENED,OPENED,OPENED,OPENED,OPENED,CLOSED,CLOSED
INDMSTAR,USA,174,OPENED,OPENED,OPENED,OPENED,OPENED,CLOSED,CLOSED
IOBDT,GBR,175,OPENED,OPENED,OPENED,OPENED,OPENED,CLOSED,CLOSED
IOBEC,GBR,176,OPENED,OPENED,OPENED,OPENED,OPENED,CLOSED,CLOSED
IS,TUR,177,OPENED,OPENED,OPENED,OPENED,OPENED,CLOSED,CLOSED
ISXEC50,FRA,178,OPENED,OPENED,OPENED,OPENED,OPENED,CLOSED,CLOSED
JAKARTA,IDN,179,OPENED,OPENED,OPENED,OPENED,OPENED,CLOSED,CLOSED
JOBURG,ZAS,180,OPENED,OPENED,OPENED,OPENED,OPENED,CLOSED,CLOSED
JPNEXT,JPN,181,OPENED,OPENED,OPENED,OPENED,OPENED,CLOSED,CLOSED
JSSRPD01,USA,182,OPENED,OPENED,OPENED,OPENED,OPENED,CLOSED,CLOSED
KANSAS,USA,183,OPENED,OPENED,OPENED,OPENED,OPENED,CLOSED,CLOSED
KARACHI,PAK,184,OPENED,OPENED,OPENED,OPENED,OPENED,CLOSED,CLOSED
KIEV,UKR,185,OPENED,OPENED,OPENED,OPENED,OPENED,CLOSED,CLOSED
KINGSTON,JAM,186,OPENED,OPENED,OPENED,OPENED,OPENED,CLOSED,CLOSED
KUALA_LUMPUR,MAL,187,OPENED,OPENED,OPENED,OPENED,OPENED,CLOSED,CLOSED
KUWAIT,KWT,188,OPENED,OPENED,OPENED,OPENED,OPENED,CLOSED,CLOSED
LIMA,PER,189,OPENED,OPENED,OPENED,OPENED,OPENED,CLOSED,CLOSED
LISBON,PRT,190,OPENED,OPENED,OPENED,OPENED,OPENED,CLOSED,CLOSED
LJUBJANA,SVN,191,OPENED,OPENED,OPENED,OPENED,OPENED,CLOSED,CLOSED
LONDON,GBR,192,OPENED,OPENED,OPENED,OPENED,OPENED,CLOSED,CLOSED
LOS-ANGELES,USA,193,OPENED,OPENED,OPENED,OPENED,OPENED,CLOSED,CLOSED
LUXEMBOURG,LUX,194,OPENED,OPENED,OPENED,OPENED,OPENED,CLOSED,CLOSED
LYON,FRA,195,OPENED,OPENED,OPENED,OPENED,OPENED,CLOSED,CLOSED
MACRO11,USA,196,OPENED,OPENED,OPENED,OPENED,OPENED,CLOSED,CLOSED
MACRO12,USA,197,OPENED,OPENED,OPENED,OPENED,OPENED,CLOSED,CLOSED
MACRO13,USA,198,OPENED,OPENED,OPENED,OPENED,OPENED,CLOSED,CLOSED
MACRO14,USA,199,OPENED,OPENED,OPENED,OPENED,OPENED,CLOSED,CLOSED
MADRID,ESP,200,OPENED,OPENED,OPENED,OPENED,OPENED,CLOSED,CLOSED
MANAMA,BHR,201,OPENED,OPENED,OPENED,OPENED,OPENED,CLOSED,CLOSED
MANILLE,PHL,202,OPENED,OPENED,OPENED,OPENED,OPENED,CLOSED,CLOSED
MASQAT,OMN,203,OPENED,OPENED,OPENED,OPENED,OPENED,CLOSED,CLOSED
MELBOURN,AUS,204,OPENED,OPENED,OPENED,OPENED,OPENED,CLOSED,CLOSED
MEXANTR,USA,205,OPENED,OPENED,OPENED,OPENED,OPENED,CLOSED,CLOSED
MEXICO-CITY,MEX,206,OPENED,OPENED,OPENED,OPENED,OPENED,CLOSED,CLOSED
MIAMI,USA,207,OPENED,OPENED,OPENED,OPENED,OPENED,CLOSED,CLOSED
MILAN,ITA,208,OPENED,OPENED,OPENED,OPENED,OPENED,CLOSED,CLOSED
MKTGLNPM,GBR,209,OPENED,OPENED,OPENED,OPENED,OPENED,CLOSED,CLOSED
MONTREAL,CAN,210,OPENED,OPENED,OPENED,OPENED,OPENED,CLOSED,CLOSED
MOSCOW,RUS,211,OPENED,OPENED,OPENED,OPENED,OPENED,CLOSED,CLOSED
MSALPHA,USA,212,OPENED,OPENED,OPENED,OPENED,OPENED,CLOSED,CLOSED
MSCUBE,USA,213,OPENED,OPENED,OPENED,OPENED,OPENED,CLOSED,CLOSED
MSMACO1,USA,214,OPENED,OPENED,OPENED,OPENED,OPENED,CLOSED,CLOSED
MSMACRO1,USA,215,OPENED,OPENED,OPENED,OPENED,OPENED,CLOSED,CLOSED
MSMACRO2,USA,216,OPENED,OPENED,OPENED,OPENED,OPENED,CLOSED,CLOSED
MSMEGA,USA,217,OPENED,OPENED,OPENED,OPENED,OPENED,CLOSED,CLOSED
MXME,USA,218,OPENED,OPENED,OPENED,OPENED,OPENED,CLOSED,CLOSED
NAGOYA,JPN,219,OPENED,OPENED,OPENED,OPENED,OPENED,CLOSED,CLOSED
NAIROBI,KEN,220,OPENED,OPENED,OPENED,OPENED,OPENED,CLOSED,CLOSED
NEW-YORK,USA,221,OPENED,OPENED,OPENED,OPENED,OPENED,CLOSED,CLOSED
NEW-YORK_AFR,USA,222,OPENED,OPENED,OPENED,OPENED,OPENED,CLOSED,CLOSED
NEWYORK-ABS,USA,223,OPENED,OPENED,OPENED,OPENED,OPENED,CLOSED,CLOSED
NICOSIE,CYP,224,OPENED,OPENED,OPENED,OPENED,OPENED,CLOSED,CLOSED
NOARPROA,USA,225,OPENED,OPENED,OPENED,OPENED,OPENED,CLOSED,CLOSED
NOCLOSEDAY,FRA,226,OPENED,OPENED,OPENED,OPENED,OPENED,CLOSED,CLOSED
NYEUOKLN,USA,227,OPENED,OPENED,OPENED,OPENED,OPENED,CLOSED,CLOSED
NYEUTKLN,USA,228,OPENED,OPENED,OPENED,OPENED,OPENED,CLOSED,CLOSED
OSAKA,JPN,229,OPENED,OPENED,OPENED,OPENED,OPENED,CLOSED,CLOSED
OSLO,NOR,230,OPENED,OPENED,OPENED,OPENED,OPENED,CLOSED,CLOSED
PABMOA01,USA,231,OPENED,OPENED,OPENED,OPENED,OPENED,CLOSED,CLOSED
PAOGAWFS,JPN,232,OPENED,OPENED,OPENED,OPENED,OPENED,CLOSED,CLOSED
PARIS,FRA,233,OPENED,OPENED,OPENED,OPENED,OPENED,CLOSED,CLOSED
PARIS-SGI,FRA,234,OPENED,OPENED,OPENED,OPENED,OPENED,CLOSED,CLOSED
PENDING,FRA,235,OPENED,OPENED,OPENED,OPENED,OPENED,CLOSED,CLOSED
PHILIE,USA,236,OPENED,OPENED,OPENED,OPENED,OPENED,CLOSED,CLOSED
PORTLOUIS,MUS,237,OPENED,OPENED,OPENED,OPENED,OPENED,CLOSED,CLOSED
PRAGUE,CSK,238,OPENED,OPENED,OPENED,OPENED,OPENED,CLOSED,CLOSED
PRIVEX,DEU,239,OPENED,OPENED,OPENED,OPENED,OPENED,CLOSED,CLOSED
QATAR,QAT,240,OPENED,OPENED,OPENED,OPENED,OPENED,CLOSED,CLOSED
QATAR-SG,QAT,241,OPENED,OPENED,OPENED,OPENED,OPENED,CLOSED,CLOSED
QUADRANT,LUX,242,OPENED,OPENED,OPENED,OPENED,OPENED,CLOSED,CLOSED
RABAT,MAR,243,OPENED,OPENED,OPENED,OPENED,OPENED,CLOSED,CLOSED
RBSBETE1,DEU,244,OPENED,OPENED,OPENED,OPENED,OPENED,CLOSED,CLOSED
RBSBEVG1,GBR,245,OPENED,OPENED,OPENED,OPENED,OPENED,CLOSED,CLOSED
RBSBGLU1,USA,246,OPENED,OPENED,OPENED,OPENED,OPENED,CLOSED,CLOSED
RBSBRAP1,POL,247,OPENED,OPENED,OPENED,OPENED,OPENED,CLOSED,CLOSED
RBSBRCP1,POL,248,OPENED,OPENED,OPENED,OPENED,OPENED,CLOSED,CLOSED
RBSBUTG1,GBR,249,OPENED,OPENED,OPENED,OPENED,OPENED,CLOSED,CLOSED
RBSDAP,GBR,250,OPENED,OPENED,OPENED,OPENED,OPENED,CLOSED,CLOSED
RBSDARW,HUN,251,OPENED,OPENED,OPENED,OPENED,OPENED,CLOSED,CLOSED
RBSDMSG1,GBR,252,OPENED,OPENED,OPENED,OPENED,OPENED,CLOSED,CLOSED
RBSVHYB,USA,253,OPENED,OPENED,OPENED,OPENED,OPENED,CLOSED,CLOSED
RESONA,JPN,254,OPENED,OPENED,OPENED,OPENED,OPENED,CLOSED,CLOSED
RESTEDUMONDE,ZZZ,255,OPENED,OPENED,OPENED,OPENED,OPENED,CLOSED,CLOSED
REYKJAVIK,ISL,256,OPENED,OPENED,OPENED,OPENED,OPENED,CLOSED,CLOSED
RIBR18,USA,257,OPENED,OPENED,OPENED,OPENED,OPENED,CLOSED,CLOSED
RIBRICT,USA,258,OPENED,OPENED,OPENED,OPENED,OPENED,CLOSED,CLOSED
RICAY,CYM,259,OPENED,OPENED,OPENED,OPENED,OPENED,CLOSED,CLOSED
RICHFSETT,CHE,260,OPENED,OPENED,OPENED,OPENED,OPENED,CLOSED,CLOSED
RICTY,USA,261,OPENED,OPENED,OPENED,OPENED,OPENED,CLOSED,CLOSED
RIDEM-250515,DEU,262,OPENED,OPENED,OPENED,OPENED,OPENED,CLOSED,CLOSED
RIDFL,JPN,263,OPENED,OPENED,OPENED,OPENED,OPENED,CLOSED,CLOSED
RIDFL4,JPN,264,OPENED,OPENED,OPENED,OPENED,OPENED,CLOSED,CLOSED
RIDFLNEO,JPN,265,OPENED,OPENED,OPENED,OPENED,OPENED,CLOSED,CLOSED
RIDFLRESONA,JPN,266,OPENED,OPENED,OPENED,OPENED,OPENED,CLOSED,CLOSED
RIDJGT,USA,267,OPENED,OPENED,OPENED,OPENED,OPENED,CLOSED,CLOSED
RIHYB,JPN,268,OPENED,OPENED,OPENED,OPENED,OPENED,CLOSED,CLOSED
RILONDEM,DEU,269,OPENED,OPENED,OPENED,OPENED,OPENED,CLOSED,CLOSED
RILONY,USA,270,OPENED,OPENED,OPENED,OPENED,OPENED,CLOSED,CLOSED
RILOUX,GBR,271,OPENED,OPENED,OPENED,OPENED,OPENED,CLOSED,CLOSED
RILUATS,LUX,272,OPENED,OPENED,OPENED,OPENED,OPENED,CLOSED,CLOSED
RIMERKUR,DEU,273,OPENED,OPENED,OPENED,OPENED,OPENED,CLOSED,CLOSED
RIMTF,JPN,274,OPENED,OPENED,OPENED,OPENED,OPENED,CLOSED,CLOSED
RIMYL,JPN,275,OPENED,OPENED,OPENED,OPENED,OPENED,CLOSED,CLOSED
RIMYL2,JPN,276,OPENED,OPENED,OPENED,OPENED,OPENED,CLOSED,CLOSED
RINEM,DEU,277,OPENED,OPENED,OPENED,OPENED,OPENED,CLOSED,CLOSED
RINEM2,DEU,278,OPENED,OPENED,OPENED,OPENED,OPENED,CLOSED,CLOSED
RINLOUX,USA,279,OPENED,OPENED,OPENED,OPENED,OPENED,CLOSED,CLOSED
RINLTAR,USA,280,OPENED,OPENED,OPENED,OPENED,OPENED,CLOSED,CLOSED
RINYARC,USA,281,OPENED,OPENED,OPENED,OPENED,OPENED,CLOSED,CLOSED
RINYDM,USA,282,OPENED,OPENED,OPENED,OPENED,OPENED,CLOSED,CLOSED
RINYDMOK,USA,283,OPENED,OPENED,OPENED,OPENED,OPENED,CLOSED,CLOSED
RINYDMTK,USA,284,OPENED,OPENED,OPENED,OPENED,OPENED,CLOSED,CLOSED
RINYKYOSA,USA,285,OPENED,OPENED,OPENED,OPENED,OPENED,CLOSED,CLOSED
RINYLO,USA,286,OPENED,OPENED,OPENED,OPENED,OPENED,CLOSED,CLOSED
RINYLOND,USA,287,OPENED,OPENED,OPENED,OPENED,OPENED,CLOSED,CLOSED
RINYLOTA,USA,288,OPENED,OPENED,OPENED,OPENED,OPENED,CLOSED,CLOSED
RINYLOTO,USA,289,OPENED,OPENED,OPENED,OPENED,OPENED,CLOSED,CLOSED
RINYPALOSETA,USA,290,OPENED,OPENED,OPENED,OPENED,OPENED,CLOSED,CLOSED
RIODEJANEIRO,BRZ,291,OPENED,OPENED,OPENED,OPENED,OPENED,CLOSED,CLOSED
RIPALOTA,FRA,292,OPENED,OPENED,OPENED,OPENED,OPENED,CLOSED,CLOSED
RISGI1,XEU,293,OPENED,OPENED,OPENED,OPENED,OPENED,CLOSED,CLOSED
RISGMY9A,JPN,294,OPENED,OPENED,OPENED,OPENED,OPENED,CLOSED,CLOSED
RISKANDIA,FRA,295,OPENED,OPENED,OPENED,OPENED,OPENED,CLOSED,CLOSED
RISKONEEOY,ZZZ,296,OPENED,OPENED,OPENED,OPENED,OPENED,CLOSED,CLOSED
RITMF,JPN,297,OPENED,OPENED,OPENED,OPENED,OPENED,CLOSED,CLOSED
RITOKERP,JPN,298,OPENED,OPENED,OPENED,OPENED,OPENED,CLOSED,CLOSED
RITOKLOND,JPN,299,OPENED,OPENED,OPENED,OPENED,OPENED,CLOSED,CLOSED
RITORLON,CAN,300,OPENED,OPENED,OPENED,OPENED,OPENED,CLOSED,CLOSED
RIUS14,USA,301,OPENED,OPENED,OPENED,OPENED,OPENED,CLOSED,CLOSED
RIVA,LUX,302,OPENED,OPENED,OPENED,OPENED,OPENED,CLOSED,CLOSED
RIVA2,JPN,303,OPENED,OPENED,OPENED,OPENED,OPENED,CLOSED,CLOSED
RIWEEKDAY,ZZZ,304,OPENED,OPENED,OPENED,OPENED,OPENED,CLOSED,CLOSED
SAINTHELIER,JER,305,OPENED,OPENED,OPENED,OPENED,OPENED,CLOSED,CLOSED
SANFRANCISCO,USA,306,OPENED,OPENED,OPENED,OPENED,OPENED,CLOSED,CLOSED
SANTIAGO,CHL,307,OPENED,OPENED,OPENED,OPENED,OPENED,CLOSED,CLOSED
SAO-PAULO,BRZ,308,OPENED,OPENED,OPENED,OPENED,OPENED,CLOSED,CLOSED
SAPPORO,JPN,309,OPENED,OPENED,OPENED,OPENED,OPENED,CLOSED,CLOSED
SBWGNJYD,USA,310,OPENED,OPENED,OPENED,OPENED,OPENED,CLOSED,CLOSED
SDGR,USA,311,OPENED,OPENED,OPENED,OPENED,OPENED,CLOSED,CLOSED
SEOUL,KOR,312,OPENED,OPENED,OPENED,OPENED,OPENED,CLOSED,CLOSED
SGBENH,DEU,313,OPENED,OPENED,OPENED,OPENED,OPENED,CLOSED,CLOSED
SGBVLMDU,FRA,314,OPENED,OPENED,OPENED,OPENED,OPENED,CLOSED,CLOSED
SGBVMAE2,FRA,315,OPENED,OPENED,OPENED,OPENED,OPENED,CLOSED,CLOSED
SGBVMAP,DEU,316,OPENED,OPENED,OPENED,OPENED,OPENED,CLOSED,CLOSED
SGBVMI,GBR,317,OPENED,OPENED,OPENED,OPENED,OPENED,CLOSED,CLOSED
SGBVPBRP,DEU,318,OPENED,OPENED,OPENED,OPENED,OPENED,CLOSED,CLOSED
SGBVPMEU,DEU,319,OPENED,OPENED,OPENED,OPENED,OPENED,CLOSED,CLOSED
SGBVRGX1,DEU,320,OPENED,OPENED,OPENED,OPENED,OPENED,CLOSED,CLOSED
SGBVRME1,USA,321,OPENED,OPENED,OPENED,OPENED,OPENED,CLOSED,CLOSED
SGBVTARP,GBR,322,OPENED,OPENED,OPENED,OPENED,OPENED,CLOSED,CLOSED
SGBVVRRE,FRA,323,OPENED,OPENED,OPENED,OPENED,OPENED,CLOSED,CLOSED
SGBVVRRU,USA,324,OPENED,OPENED,OPENED,OPENED,OPENED,CLOSED,CLOSED
SGBVWEPH,DEU,325,OPENED,OPENED,OPENED,OPENED,OPENED,CLOSED,CLOSED
SGCOM11S,USA,326,OPENED,OPENED,OPENED,OPENED,OPENED,CLOSED,CLOSED
SGDMSOFI,DEU,327,OPENED,OPENED,OPENED,OPENED,OPENED,CLOSED,CLOSED
SGEPWRLD,DEU,328,OPENED,OPENED,OPENED,OPENED,OPENED,CLOSED,CLOSED
SGFI5,JPN,329,OPENED,OPENED,OPENED,OPENED,OPENED,CLOSED,CLOSED
SGIBRIC,FRA,330,OPENED,OPENED,OPENED,OPENED,OPENED,CLOSED,CLOSED
SGICDOHI,DEU,331,OPENED,OPENED,OPENED,OPENED,OPENED,CLOSED,CLOSED
SGICMNV1,USA,332,OPENED,OPENED,OPENED,OPENED,OPENED,CLOSED,CLOSED
SGICSCL3,USA,333,OPENED,OPENED,OPENED,OPENED,OPENED,CLOSED,CLOSED
SGICSERR,FRA,334,OPENED,OPENED,OPENED,OPENED,OPENED,CLOSED,CLOSED
SGIEFSEU,GBR,335,OPENED,OPENED,OPENED,OPENED,OPENED,CLOSED,CLOSED
SGIEFSUS,USA,336,OPENED,OPENED,OPENED,OPENED,OPENED,CLOSED,CLOSED
SGIFXKRU,USA,337,OPENED,OPENED,OPENED,OPENED,OPENED,CLOSED,CLOSED
SGIFXSML,USA,338,OPENED,OPENED,OPENED,OPENED,OPENED,CLOSED,CLOSED
SGISTA,DEU,339,OPENED,OPENED,OPENED,OPENED,OPENED,CLOSED,CLOSED
SGIXABE,FRA,340,OPENED,OPENED,OPENED,OPENED,OPENED,CLOSED,CLOSED
SGIXACE,HKG,341,OPENED,OPENED,OPENED,OPENED,OPENED,CLOSED,CLOSED
SGIXARJ1,FRA,342,OPENED,OPENED,OPENED,OPENED,OPENED,CLOSED,CLOSED
SGIXARJ2,FRA,343,OPENED,OPENED,OPENED,OPENED,OPENED,CLOSED,CLOSED
SGIXARU2,DEU,344,OPENED,OPENED,OPENED,OPENED,OPENED,CLOSED,CLOSED
SGIXASUS,USA,345,OPENED,OPENED,OPENED,OPENED,OPENED,CLOSED,CLOSED
SGIXBC,CHE,346,OPENED,OPENED,OPENED,OPENED,OPENED,CLOSED,CLOSED
SGIXBEIG,DEU,347,OPENED,OPENED,OPENED,OPENED,OPENED,CLOSED,CLOSED
SGIXBEIG2,DEU,348,OPENED,OPENED,OPENED,OPENED,OPENED,CLOSED,CLOSED
SGIXBHEV,USA,349,OPENED,OPENED,OPENED,OPENED,OPENED,CLOSED,CLOSED
SGIXBJ,JPN,350,OPENED,OPENED,OPENED,OPENED,OPENED,CLOSED,CLOSED
SGIXBKT2,FRA,351,OPENED,OPENED,OPENED,OPENED,OPENED,CLOSED,CLOSED
SGIXBOSS,USA,352,OPENED,OPENED,OPENED,OPENED,OPENED,CLOSED,CLOSED
SGIXBU,USA,353,OPENED,OPENED,OPENED,OPENED,OPENED,CLOSED,CLOSED
SGIXBWU,USA,354,OPENED,OPENED,OPENED,OPENED,OPENED,CLOSED,CLOSED
SGIXCEOV,FRA,355,OPENED,OPENED,OPENED,OPENED,OPENED,CLOSED,CLOSED
SGIXCRLE,DEU,356,OPENED,OPENED,OPENED,OPENED,OPENED,CLOSED,CLOSED
SGIXDAE2,LUX,357,OPENED,OPENED,OPENED,OPENED,OPENED,CLOSED,CLOSED
SGIXDAU2,LUX,358,OPENED,OPENED,OPENED,OPENED,OPENED,CLOSED,CLOSED
SGIXDB,LUX,359,OPENED,OPENED,OPENED,OPENED,OPENED,CLOSED,CLOSED
SGIXDF01,JPN,360,OPENED,OPENED,OPENED,OPENED,OPENED,CLOSED,CLOSED
SGIXDLS,FRA,361,OPENED,OPENED,OPENED,OPENED,OPENED,CLOSED,CLOSED
SGIXDVAE,LUX,362,OPENED,OPENED,OPENED,OPENED,OPENED,CLOSED,CLOSED
SGIXDVAU,LUX,363,OPENED,OPENED,OPENED,OPENED,OPENED,CLOSED,CLOSED
SGIXDVU2,LUX,364,OPENED,OPENED,OPENED,OPENED,OPENED,CLOSED,CLOSED
SGIXERCE,DEU,365,OPENED,OPENED,OPENED,OPENED,OPENED,CLOSED,CLOSED
SGIXERPL,DEU,366,OPENED,OPENED,OPENED,OPENED,OPENED,CLOSED,CLOSED
SGIXFLEX,FRA,367,OPENED,OPENED,OPENED,OPENED,OPENED,CLOSED,CLOSED
SGIXFMEU,LUX,368,OPENED,OPENED,OPENED,OPENED,OPENED,CLOSED,CLOSED
SGIXFMUS,USA,369,OPENED,OPENED,OPENED,OPENED,OPENED,CLOSED,CLOSED
SGIXGCM,USA,370,OPENED,OPENED,OPENED,OPENED,OPENED,CLOSED,CLOSED
SGIXGLA,LUX,371,OPENED,OPENED,OPENED,OPENED,OPENED,CLOSED,CLOSED
SGIXGLAX,LUX,372,OPENED,OPENED,OPENED,OPENED,OPENED,CLOSED,CLOSED
SGIXGM,FRA,373,OPENED,OPENED,OPENED,OPENED,OPENED,CLOSED,CLOSED
SGIXGNT,USA,374,OPENED,OPENED,OPENED,OPENED,OPENED,CLOSED,CLOSED
SGIXHETR,FRA,375,OPENED,OPENED,OPENED,OPENED,OPENED,CLOSED,CLOSED
SGIXINFL,USA,376,OPENED,OPENED,OPENED,OPENED,OPENED,CLOSED,CLOSED
SGIXMAE,LUX,377,OPENED,OPENED,OPENED,OPENED,OPENED,CLOSED,CLOSED
SGIXMAEU,FRA,378,OPENED,OPENED,OPENED,OPENED,OPENED,CLOSED,CLOSED
SGIXMAU,LUX,379,OPENED,OPENED,OPENED,OPENED,OPENED,CLOSED,CLOSED
SGIXMD15,FRA,380,OPENED,OPENED,OPENED,OPENED,OPENED,CLOSED,CLOSED
SGIXMOUS,USA,381,OPENED,OPENED,OPENED,OPENED,OPENED,CLOSED,CLOSED
SGIXMTE,DEU,382,OPENED,OPENED,OPENED,OPENED,OPENED,CLOSED,CLOSED
SGIXMU13,DEU,383,OPENED,OPENED,OPENED,OPENED,OPENED,CLOSED,CLOSED
SGIXMY2A,JPN,384,OPENED,OPENED,OPENED,OPENED,OPENED,CLOSED,CLOSED
SGIXNAHY,USA,385,OPENED,OPENED,OPENED,OPENED,OPENED,CLOSED,CLOSED
SGIXNAI,USA,386,OPENED,OPENED,OPENED,OPENED,OPENED,CLOSED,CLOSED
SGIXOPER,USA,387,OPENED,OPENED,OPENED,OPENED,OPENED,CLOSED,CLOSED
SGIXPA,USA,388,OPENED,OPENED,OPENED,OPENED,OPENED,CLOSED,CLOSED
SGIXPRE,JPN,389,OPENED,OPENED,OPENED,OPENED,OPENED,CLOSED,CLOSED
SGIXSE,LUX,390,OPENED,OPENED,OPENED,OPENED,OPENED,CLOSED,CLOSED
SGIXSGMD,USA,391,OPENED,OPENED,OPENED,OPENED,OPENED,CLOSED,CLOSED
SGIXSLE,DEU,392,OPENED,OPENED,OPENED,OPENED,OPENED,CLOSED,CLOSED
SGIXTFCY,USA,393,OPENED,OPENED,OPENED,OPENED,OPENED,CLOSED,CLOSED
SGIXTFEQ,FRA,394,OPENED,OPENED,OPENED,OPENED,OPENED,CLOSED,CLOSED
SGIXTFFX,USA,395,OPENED,OPENED,OPENED,OPENED,OPENED,CLOSED,CLOSED
SGIXTFX2,USA,396,OPENED,OPENED,OPENED,OPENED,OPENED,CLOSED,CLOSED
SGIXTFXV,USA,397,OPENED,OPENED,OPENED,OPENED,OPENED,CLOSED,CLOSED
SGIXTNE,DEU,398,OPENED,OPENED,OPENED,OPENED,OPENED,CLOSED,CLOSED
SGIXTSCX,FRA,399,OPENED,OPENED,OPENED,OPENED,OPENED,CLOSED,CLOSED
SGIXTSE,DEU,400,OPENED,OPENED,OPENED,OPENED,OPENED,CLOSED,CLOSED
SGIXTYV6,USA,401,OPENED,OPENED,OPENED,OPENED,OPENED,CLOSED,CLOSED
SGIXVIGR,USA,402,OPENED,OPENED,OPENED,OPENED,OPENED,CLOSED,CLOSED
SGIXVTBC,FRA,403,OPENED,OPENED,OPENED,OPENED,OPENED,CLOSED,CLOSED
SGIXVTBI,USA,404,OPENED,OPENED,OPENED,OPENED,OPENED,CLOSED,CLOSED
SGIXWAVT,FRA,405,OPENED,OPENED,OPENED,OPENED,OPENED,CLOSED,CLOSED
SGIXWAVT1,HKG,406,OPENED,OPENED,OPENED,OPENED,OPENED,CLOSED,CLOSED
SGIXWC,USA,407,OPENED,OPENED,OPENED,OPENED,OPENED,CLOSED,CLOSED
SGIXWDBW,LUX,408,OPENED,OPENED,OPENED,OPENED,OPENED,CLOSED,CLOSED
SGIXWE,USA,409,OPENED,OPENED,OPENED,OPENED,OPENED,CLOSED,CLOSED
SGIXWES,FRA,410,OPENED,OPENED,OPENED,OPENED,OPENED,CLOSED,CLOSED
SGIXWIB,FRA,411,OPENED,OPENED,OPENED,OPENED,OPENED,CLOSED,CLOSED
SGIXWIT,FRA,412,OPENED,OPENED,OPENED,OPENED,OPENED,CLOSED,CLOSED
SGIXWIVT,LUX,413,OPENED,OPENED,OPENED,OPENED,OPENED,CLOSED,CLOSED
SGIXWJLS,JPN,414,OPENED,OPENED,OPENED,OPENED,OPENED,CLOSED,CLOSED
SGIXWN,FRA,415,OPENED,OPENED,OPENED,OPENED,OPENED,CLOSED,CLOSED
SGIXWNB,FRA,416,OPENED,OPENED,OPENED,OPENED,OPENED,CLOSED,CLOSED
SGIXWNT,FRA,417,OPENED,OPENED,OPENED,OPENED,OPENED,CLOSED,CLOSED
SGIX_BKT,FRA,418,OPENED,OPENED,OPENED,OPENED,OPENED,CLOSED,CLOSED
SGMDAD01,LUX,419,OPENED,OPENED,OPENED,OPENED,OPENED,CLOSED,CLOSED
SGMDAEM,AUS,420,OPENED,OPENED,OPENED,OPENED,OPENED,CLOSED,CLOSED
SGMDAERC,USA,421,OPENED,OPENED,OPENED,OPENED,OPENED,CLOSED,CLOSED
SGMDAGIT,DEU,422,OPENED,OPENED,OPENED,OPENED,OPENED,CLOSED,CLOSED
SGMDAISM,DEU,423,OPENED,OPENED,OPENED,OPENED,OPENED,CLOSED,CLOSED
SGMDARCA,FRA,424,OPENED,OPENED,OPENED,OPENED,OPENED,CLOSED,CLOSED
SGMDARI,DEU,425,OPENED,OPENED,OPENED,OPENED,OPENED,CLOSED,CLOSED
SGMDASAL,DEU,426,OPENED,OPENED,OPENED,OPENED,OPENED,CLOSED,CLOSED
SGMDAVEC,CHN,427,OPENED,OPENED,OPENED,OPENED,OPENED,CLOSED,CLOSED
SGMDAVEC_EUR,CHN,428,OPENED,OPENED,OPENED,OPENED,OPENED,CLOSED,CLOSED
SGMDBAI,CSK,429,OPENED,OPENED,OPENED,OPENED,OPENED,CLOSED,CLOSED
SGMDBD1,FRA,430,OPENED,OPENED,OPENED,OPENED,OPENED,CLOSED,CLOSED
SGMDBDI,FRA,431,OPENED,OPENED,OPENED,OPENED,OPENED,CLOSED,CLOSED
SGMDBESF,POL,432,OPENED,OPENED,OPENED,OPENED,OPENED,CLOSED,CLOSED
SGMDBFFI,FRA,433,OPENED,OPENED,OPENED,OPENED,OPENED,CLOSED,CLOSED
SGMDBR18,LUX,434,OPENED,OPENED,OPENED,OPENED,OPENED,CLOSED,CLOSED
SGMDBSFE,DEU,435,OPENED,OPENED,OPENED,OPENED,OPENED,CLOSED,CLOSED
SGMDBSFU,DEU,436,OPENED,OPENED,OPENED,OPENED,OPENED,CLOSED,CLOSED
SGMDBVT6,DEU,437,OPENED,OPENED,OPENED,OPENED,OPENED,CLOSED,CLOSED
SGMDCAL,JPN,438,OPENED,OPENED,OPENED,OPENED,OPENED,CLOSED,CLOSED
SGMDCCBI,USA,439,OPENED,OPENED,OPENED,OPENED,OPENED,CLOSED,CLOSED
SGMDCCI,FRA,440,OPENED,OPENED,OPENED,OPENED,OPENED,CLOSED,CLOSED
SGMDCDI,DEU,441,OPENED,OPENED,OPENED,OPENED,OPENED,CLOSED,CLOSED
SGMDCEGI,DEU,442,OPENED,OPENED,OPENED,OPENED,OPENED,CLOSED,CLOSED
SGMDCEVC,LUX,443,OPENED,OPENED,OPENED,OPENED,OPENED,CLOSED,CLOSED
SGMDCICE,DEU,444,OPENED,OPENED,OPENED,OPENED,OPENED,CLOSED,CLOSED
SGMDCMDA,JPN,445,OPENED,OPENED,OPENED,OPENED,OPENED,CLOSED,CLOSED
SGMDCNCI,USA,446,OPENED,OPENED,OPENED,OPENED,OPENED,CLOSED,CLOSED
SGMDCOSP,USA,447,OPENED,OPENED,OPENED,OPENED,OPENED,CLOSED,CLOSED
SGMDCPI,LUX,448,OPENED,OPENED,OPENED,OPENED,OPENED,CLOSED,CLOSED
SGMDDAF3,FRA,449,OPENED,OPENED,OPENED,OPENED,OPENED,CLOSED,CLOSED
SGMDDCRP,USA,450,OPENED,OPENED,OPENED,OPENED,OPENED,CLOSED,CLOSED
SGMDDDG,USA,451,OPENED,OPENED,OPENED,OPENED,OPENED,CLOSED,CLOSED
SGMDDDG1,TUR,452,OPENED,OPENED,OPENED,OPENED,OPENED,CLOSED,CLOSED
SGMDDEA1,FRA,453,OPENED,OPENED,OPENED,OPENED,OPENED,CLOSED,CLOSED
SGMDDEMS,DEU,454,OPENED,OPENED,OPENED,OPENED,OPENED,CLOSED,CLOSED
SGMDDIAD,FRA,455,OPENED,OPENED,OPENED,OPENED,OPENED,CLOSED,CLOSED
SGMDDLRC,USA,456,OPENED,OPENED,OPENED,OPENED,OPENED,CLOSED,CLOSED
SGMDDP1,FRA,457,OPENED,OPENED,OPENED,OPENED,OPENED,CLOSED,CLOSED
SGMDDPI,FRA,458,OPENED,OPENED,OPENED,OPENED,OPENED,CLOSED,CLOSED
SGMDDPI1,LUX,459,OPENED,OPENED,OPENED,OPENED,OPENED,CLOSED,CLOSED
SGMDDPI2,FRA,460,OPENED,OPENED,OPENED,OPENED,OPENED,CLOSED,CLOSED
SGMDDPM1,LUX,461,OPENED,OPENED,OPENED,OPENED,OPENED,CLOSED,CLOSED
SGMDDPMG,LUX,462,OPENED,OPENED,OPENED,OPENED,OPENED,CLOSED,CLOSED
SGMDDRPE,FRA,463,OPENED,OPENED,OPENED,OPENED,OPENED,CLOSED,CLOSED
SGMDDRPU,FRA,464,OPENED,OPENED,OPENED,OPENED,OPENED,CLOSED,CLOSED
SGMDDVSE,FRA,465,OPENED,OPENED,OPENED,OPENED,OPENED,CLOSED,CLOSED
SGMDDYRE,FRA,466,OPENED,OPENED,OPENED,OPENED,OPENED,CLOSED,CLOSED
SGMDEC01,CHE,467,OPENED,OPENED,OPENED,OPENED,OPENED,CLOSED,CLOSED
SGMDECHQ,FRA,468,OPENED,OPENED,OPENED,OPENED,OPENED,CLOSED,CLOSED
SGMDEGD3,FRA,469,OPENED,OPENED,OPENED,OPENED,OPENED,CLOSED,CLOSED
SGMDEHYM,LUX,470,OPENED,OPENED,OPENED,OPENED,OPENED,CLOSED,CLOSED
SGMDELSK,DEU,471,OPENED,OPENED,OPENED,OPENED,OPENED,CLOSED,CLOSED
SGMDERHO,DEU,472,OPENED,OPENED,OPENED,OPENED,OPENED,CLOSED,CLOSED
SGMDERSC,USA,473,OPENED,OPENED,OPENED,OPENED,OPENED,CLOSED,CLOSED
SGMDESEK,DEU,474,OPENED,OPENED,OPENED,OPENED,OPENED,CLOSED,CLOSED
SGMDEVI2,USA,475,OPENED,OPENED,OPENED,OPENED,OPENED,CLOSED,CLOSED
SGMDEVRP,USA,476,OPENED,OPENED,OPENED,OPENED,OPENED,CLOSED,CLOSED
SGMDFBI,USA,477,OPENED,OPENED,OPENED,OPENED,OPENED,CLOSED,CLOSED
SGMDFCDA,JPN,478,OPENED,OPENED,OPENED,OPENED,OPENED,CLOSED,CLOSED
SGMDFEO,DEU,479,OPENED,OPENED,OPENED,OPENED,OPENED,CLOSED,CLOSED
SGMDFFX,LUX,480,OPENED,OPENED,OPENED,OPENED,OPENED,CLOSED,CLOSED
SGMDFLAJ,USA,481,OPENED,OPENED,OPENED,OPENED,OPENED,CLOSED,CLOSED
SGMDFLAU,DEU,482,OPENED,OPENED,OPENED,OPENED,OPENED,CLOSED,CLOSED
SGMDFLEX,DEU,483,OPENED,OPENED,OPENED,OPENED,OPENED,CLOSED,CLOSED
SGMDFLUJ,USA,484,OPENED,OPENED,OPENED,OPENED,OPENED,CLOSED,CLOSED
SGMDFLUS,DEU,485,OPENED,OPENED,OPENED,OPENED,OPENED,CLOSED,CLOSED
SGMDFMCH,CHE,486,OPENED,OPENED,OPENED,OPENED,OPENED,CLOSED,CLOSED
SGMDGBS,DEU,487,OPENED,OPENED,OPENED,OPENED,OPENED,CLOSED,CLOSED
SGMDGEPP,FRA,488,OPENED,OPENED,OPENED,OPENED,OPENED,CLOSED,CLOSED
SGMDGEST,DEU,489,OPENED,OPENED,OPENED,OPENED,OPENED,CLOSED,CLOSED
SGMDGLBV,FRA,490,OPENED,OPENED,OPENED,OPENED,OPENED,CLOSED,CLOSED
SGMDGLHY,POL,491,OPENED,OPENED,OPENED,OPENED,OPENED,CLOSED,CLOSED
SGMDGMAS,CZE,492,OPENED,OPENED,OPENED,OPENED,OPENED,CLOSED,CLOSED
SGMDGMF4,FRA,493,OPENED,OPENED,OPENED,OPENED,OPENED,CLOSED,CLOSED
SGMDGPIT,JPN,494,OPENED,OPENED,OPENED,OPENED,OPENED,CLOSED,CLOSED
SGMDGQ10,FRA,495,OPENED,OPENED,OPENED,OPENED,OPENED,CLOSED,CLOSED
SGMDGRYE,FRA,496,OPENED,OPENED,OPENED,OPENED,OPENED,CLOSED,CLOSED
SGMDGTAA,DEU,497,OPENED,OPENED,OPENED,OPENED,OPENED,CLOSED,CLOSED
SGMDHDOP,DEU,498,OPENED,OPENED,OPENED,OPENED,OPENED,CLOSED,CLOSED
SGMDHPWM,LUX,499,OPENED,OPENED,OPENED,OPENED,OPENED,CLOSED,CLOSED
SGMDIBI,USA,500,OPENED,OPENED,OPENED,OPENED,OPENED,CLOSED,CLOSED
SGMDISD,FRA,501,OPENED,OPENED,OPENED,OPENED,OPENED,CLOSED,CLOSED
SGMDKALE,DEU,502,OPENED,OPENED,OPENED,OPENED,OPENED,CLOSED,CLOSED
SGMDLMA3,DEU,503,OPENED,OPENED,OPENED,OPENED,OPENED,CLOSED,CLOSED
SGMDLOHE,FRA,504,OPENED,OPENED,OPENED,OPENED,OPENED,CLOSED,CLOSED
SGMDLOHU,USA,505,OPENED,OPENED,OPENED,OPENED,OPENED,CLOSED,CLOSED
SGMDLOLS,USA,506,OPENED,OPENED,OPENED,OPENED,OPENED,CLOSED,CLOSED
SGMDLOTH,USA,507,OPENED,OPENED,OPENED,OPENED,OPENED,CLOSED,CLOSED
SGMDLVCA,FRA,508,OPENED,OPENED,OPENED,OPENED,OPENED,CLOSED,CLOSED
SGMDMAT,DEU,509,OPENED,OPENED,OPENED,OPENED,OPENED,CLOSED,CLOSED
SGMDMBI,USA,510,OPENED,OPENED,OPENED,OPENED,OPENED,CLOSED,CLOSED
SGMDMCCV,GBR,511,OPENED,OPENED,OPENED,OPENED,OPENED,CLOSED,CLOSED
SGMDMFRU,DEU,512,OPENED,OPENED,OPENED,OPENED,OPENED,CLOSED,CLOSED
SGMDMGOI,GBR,513,OPENED,OPENED,OPENED,OPENED,OPENED,CLOSED,CLOSED
SGMDMSA,DEU,514,OPENED,OPENED,OPENED,OPENED,OPENED,CLOSED,CLOSED
SGMDMSBI,USA,515,OPENED,OPENED,OPENED,OPENED,OPENED,CLOSED,CLOSED
SGMDMTDI,FRA,516,OPENED,OPENED,OPENED,OPENED,OPENED,CLOSED,CLOSED
SGMDMTRO,DEU,517,OPENED,OPENED,OPENED,OPENED,OPENED,CLOSED,CLOSED
SGMDMUAL,FRA,518,OPENED,OPENED,OPENED,OPENED,OPENED,CLOSED,CLOSED
SGMDMV15,DEU,519,OPENED,OPENED,OPENED,OPENED,OPENED,CLOSED,CLOSED
SGMDMXRP,SWE,520,OPENED,OPENED,OPENED,OPENED,OPENED,CLOSED,CLOSED
SGMDNGSL,USA,521,OPENED,OPENED,OPENED,OPENED,OPENED,CLOSED,CLOSED
SGMDNOVW,USA,522,OPENED,OPENED,OPENED,OPENED,OPENED,CLOSED,CLOSED
SGMDPFSI,DEU,523,OPENED,OPENED,OPENED,OPENED,OPENED,CLOSED,CLOSED
SGMDPHIS,DEU,524,OPENED,OPENED,OPENED,OPENED,OPENED,CLOSED,CLOSED
SGMDPRM3,USA,525,OPENED,OPENED,OPENED,OPENED,OPENED,CLOSED,CLOSED
SGMDPRMU,LUX,526,OPENED,OPENED,OPENED,OPENED,OPENED,CLOSED,CLOSED
SGMDPRUV,USA,527,OPENED,OPENED,OPENED,OPENED,OPENED,CLOSED,CLOSED
SGMDQIDQ,USA,528,OPENED,OPENED,OPENED,OPENED,OPENED,CLOSED,CLOSED
SGMDQUAM,LUX,529,OPENED,OPENED,OPENED,OPENED,OPENED,CLOSED,CLOSED
SGMDREV2,FRA,530,OPENED,OPENED,OPENED,OPENED,OPENED,CLOSED,CLOSED
SGMDRPWC,CHE,531,OPENED,OPENED,OPENED,OPENED,OPENED,CLOSED,CLOSED
SGMDSDMA,JPN,532,OPENED,OPENED,OPENED,OPENED,OPENED,CLOSED,CLOSED
SGMDSEDY,LUX,533,OPENED,OPENED,OPENED,OPENED,OPENED,CLOSED,CLOSED
SGMDSFAF,CZE,534,OPENED,OPENED,OPENED,OPENED,OPENED,CLOSED,CLOSED
SGMDSFPI,DEU,535,OPENED,OPENED,OPENED,OPENED,OPENED,CLOSED,CLOSED
SGMDSHRP,USA,536,OPENED,OPENED,OPENED,OPENED,OPENED,CLOSED,CLOSED
SGMDSLFR,LUX,537,OPENED,OPENED,OPENED,OPENED,OPENED,CLOSED,CLOSED
SGMDSMCT,LUX,538,OPENED,OPENED,OPENED,OPENED,OPENED,CLOSED,CLOSED
SGMDSNSD,LUX,539,OPENED,OPENED,OPENED,OPENED,OPENED,CLOSED,CLOSED
SGMDSOFI,DEU,540,OPENED,OPENED,OPENED,OPENED,OPENED,CLOSED,CLOSED
SGMDSOII,DEU,541,OPENED,OPENED,OPENED,OPENED,OPENED,CLOSED,CLOSED
SGMDSOTI,GBR,542,OPENED,OPENED,OPENED,OPENED,OPENED,CLOSED,CLOSED
SGMDSPAE,FRA,543,OPENED,OPENED,OPENED,OPENED,OPENED,CLOSED,CLOSED
SGMDSPDI,LUX,544,OPENED,OPENED,OPENED,OPENED,OPENED,CLOSED,CLOSED
SGMDSPEI,LUX,545,OPENED,OPENED,OPENED,OPENED,OPENED,CLOSED,CLOSED
SGMDSPVF,FRA,546,OPENED,OPENED,OPENED,OPENED,OPENED,CLOSED,CLOSED
SGMDSTFD,LUX,547,OPENED,OPENED,OPENED,OPENED,OPENED,CLOSED,CLOSED
SGMDTVI,LUX,548,OPENED,OPENED,OPENED,OPENED,OPENED,CLOSED,CLOSED
SGMDUDRP,DEU,549,OPENED,OPENED,OPENED,OPENED,OPENED,CLOSED,CLOSED
SGMDUKDA,GBR,550,OPENED,OPENED,OPENED,OPENED,OPENED,CLOSED,CLOSED
SGMDURP2,LUX,551,OPENED,OPENED,OPENED,OPENED,OPENED,CLOSED,CLOSED
SGMDURPP,DEU,552,OPENED,OPENED,OPENED,OPENED,OPENED,CLOSED,CLOSED
SGMDUS14,FRA,553,OPENED,OPENED,OPENED,OPENED,OPENED,CLOSED,CLOSED
SGMDUTSM,JPN,554,OPENED,OPENED,OPENED,OPENED,OPENED,CLOSED,CLOSED
SGMDVLFE,FRA,555,OPENED,OPENED,OPENED,OPENED,OPENED,CLOSED,CLOSED
SGMDVT6,DEU,556,OPENED,OPENED,OPENED,OPENED,OPENED,CLOSED,CLOSED
SGMDVTE,FRA,557,OPENED,OPENED,OPENED,OPENED,OPENED,CLOSED,CLOSED
SGMDVTF2,DEU,558,OPENED,OPENED,OPENED,OPENED,OPENED,CLOSED,CLOSED
SGMDVTFA,DEU,559,OPENED,OPENED,OPENED,OPENED,OPENED,CLOSED,CLOSED
SGMDVTFA2,DEU,560,OPENED,OPENED,OPENED,OPENED,OPENED,CLOSED,CLOSED
SGMDWAM,HKG,561,OPENED,OPENED,OPENED,OPENED,OPENED,CLOSED,CLOSED
SGMDXAVT,USA,562,OPENED,OPENED,OPENED,OPENED,OPENED,CLOSED,CLOSED
SGMDXULS,TUR,563,OPENED,OPENED,OPENED,OPENED,OPENED,CLOSED,CLOSED
SGMDYRB8,DEU,564,OPENED,OPENED,OPENED,OPENED,OPENED,CLOSED,CLOSED
SGMDZC2J,GBR,565,OPENED,OPENED,OPENED,OPENED,OPENED,CLOSED,CLOSED
SGMDZC2U,GBR,566,OPENED,OPENED,OPENED,OPENED,OPENED,CLOSED,CLOSED
SGMDZC5A,AUS,567,OPENED,OPENED,OPENED,OPENED,OPENED,CLOSED,CLOSED
SGMDZC5E,JPN,568,OPENED,OPENED,OPENED,OPENED,OPENED,CLOSED,CLOSED
SGMDZC5J,GBR,569,OPENED,OPENED,OPENED,OPENED,OPENED,CLOSED,CLOSED
SGMDZC5S,GBR,570,OPENED,OPENED,OPENED,OPENED,OPENED,CLOSED,CLOSED
SGMDZC5U,GBR,571,OPENED,OPENED,OPENED,OPENED,OPENED,CLOSED,CLOSED
SGMDZCJN,JPN,572,OPENED,OPENED,OPENED,OPENED,OPENED,CLOSED,CLOSED
SGMDZCUS,JPN,573,OPENED,OPENED,OPENED,OPENED,OPENED,CLOSED,CLOSED
SGMDZCWX,USA,574,OPENED,OPENED,OPENED,OPENED,OPENED,CLOSED,CLOSED
SGPCBERE,DEU,575,OPENED,OPENED,OPENED,OPENED,OPENED,CLOSED,CLOSED
SGPCSPFX,USA,576,OPENED,OPENED,OPENED,OPENED,OPENED,CLOSED,CLOSED
SGTIRIHS,USA,577,OPENED,OPENED,OPENED,OPENED,OPENED,CLOSED,CLOSED
SGTVE2EC,DEU,578,OPENED,OPENED,OPENED,OPENED,OPENED,CLOSED,CLOSED
SGTVEUEC,FRA,579,OPENED,OPENED,OPENED,OPENED,OPENED,CLOSED,CLOSED
SGTVU2EC,USA,580,OPENED,OPENED,OPENED,OPENED,OPENED,CLOSED,CLOSED
SGTVUSEC,USA,581,OPENED,OPENED,OPENED,OPENED,OPENED,CLOSED,CLOSED
SGVB,GBR,582,OPENED,OPENED,OPENED,OPENED,OPENED,CLOSED,CLOSED
SGVTSCPI,DEU,583,OPENED,OPENED,OPENED,OPENED,OPENED,CLOSED,CLOSED
SHANGHAI,CHN,584,OPENED,OPENED,OPENED,OPENED,OPENED,CLOSED,CLOSED
SHANGHAIHKG,CHI,585,OPENED,OPENED,OPENED,OPENED,OPENED,CLOSED,CLOSED
SHENZHEN,CHN,586,OPENED,OPENED,OPENED,OPENED,OPENED,CLOSED,CLOSED
SINGAPORE,SGP,587,OPENED,OPENED,OPENED,OPENED,OPENED,CLOSED,CLOSED
SKOPJE,MKD,588,OPENED,OPENED,OPENED,OPENED,OPENED,CLOSED,CLOSED
SMPOPORC,SWE,589,OPENED,OPENED,OPENED,OPENED,OPENED,CLOSED,CLOSED
SOFIA,BGR,590,OPENED,OPENED,OPENED,OPENED,OPENED,CLOSED,CLOSED
SOLAQ,FRA,591,OPENED,OPENED,OPENED,OPENED,OPENED,CLOSED,CLOSED
SOLEIED,LUX,592,OPENED,OPENED,OPENED,OPENED,OPENED,CLOSED,CLOSED
SOLEX,DEU,593,OPENED,OPENED,OPENED,OPENED,OPENED,CLOSED,CLOSED
SOLYS,LUX,594,OPENED,OPENED,OPENED,OPENED,OPENED,CLOSED,CLOSED
SP10EE,FRA,595,OPENED,OPENED,OPENED,OPENED,OPENED,CLOSED,CLOSED
SPDBGMA1,USA,596,OPENED,OPENED,OPENED,OPENED,OPENED,CLOSED,CLOSED
STOCKHOLM,SWE,597,OPENED,OPENED,OPENED,OPENED,OPENED,CLOSED,CLOSED
STOIN,DEU,598,OPENED,OPENED,OPENED,OPENED,OPENED,CLOSED,CLOSED
STOXX_DISS,DEU,599,OPENED,OPENED,OPENED,OPENED,OPENED,CLOSED,CLOSED
STPETER_PORT,GGE,600,OPENED,OPENED,OPENED,OPENED,OPENED,CLOSED,CLOSED
STUTTGART,DEU,601,OPENED,OPENED,OPENED,OPENED,OPENED,CLOSED,CLOSED
SWHYSMRT,USA,602,OPENED,OPENED,OPENED,OPENED,OPENED,CLOSED,CLOSED
SX5E_TRD,DEU,603,OPENED,OPENED,OPENED,OPENED,OPENED,CLOSED,CLOSED
SXEQIHP,DEU,604,OPENED,OPENED,OPENED,OPENED,OPENED,CLOSED,CLOSED
SYDNEY,AUS,605,OPENED,OPENED,OPENED,OPENED,OPENED,CLOSED,CLOSED
TA,EST,606,OPENED,OPENED,OPENED,OPENED,OPENED,CLOSED,CLOSED
TAIPEI,TWN,607,OPENED,OPENED,OPENED,OPENED,OPENED,CLOSED,CLOSED
TARGET-EURO,XEU,608,OPENED,OPENED,OPENED,OPENED,OPENED,CLOSED,CLOSED
TEL-AVIV,ISR,609,OPENED,OPENED,OPENED,OPENED,OPENED,CLOSED,CLOSED
THIMPHU,BTN,610,OPENED,OPENED,OPENED,OPENED,OPENED,CLOSED,CLOSED
TIMBEX,DEU,611,OPENED,OPENED,OPENED,OPENED,OPENED,CLOSED,CLOSED
TOKYO,JPN,612,OPENED,OPENED,OPENED,OPENED,OPENED,CLOSED,CLOSED
TORONTO,CAN,613,OPENED,OPENED,OPENED,OPENED,OPENED,CLOSED,CLOSED
TUNIS,TUN,614,OPENED,OPENED,OPENED,OPENED,OPENED,CLOSED,CLOSED
URAX,DEU,615,OPENED,OPENED,OPENED,OPENED,OPENED,CLOSED,CLOSED
USISDA10,USA,616,OPENED,OPENED,OPENED,OPENED,OPENED,CLOSED,CLOSED
VIENNA,AUT,617,OPENED,OPENED,OPENED,OPENED,OPENED,CLOSED,CLOSED
VILNIUS,LTU,618,OPENED,OPENED,OPENED,OPENED,OPENED,CLOSED,CLOSED
WAEX,DEU,619,OPENED,OPENED,OPENED,OPENED,OPENED,CLOSED,CLOSED
WARSAW,POL,620,OPENED,OPENED,OPENED,OPENED,OPENED,CLOSED,CLOSED
WASHINGTON,USA,621,OPENED,OPENED,OPENED,OPENED,OPENED,CLOSED,CLOSED
WELLINGTON,NZD,622,OPENED,OPENED,OPENED,OPENED,OPENED,CLOSED,CLOSED
WMCO,GBR,623,OPENED,OPENED,OPENED,OPENED,OPENED,CLOSED,CLOSED
WOWAX,DEU,624,OPENED,OPENED,OPENED,OPENED,OPENED,CLOSED,CLOSED
ZAGREB,HRV,625,OPENED,OPENED,OPENED,OPENED,OPENED,CLOSED,CLOSED
ZURICH,CHE,626,OPENED,OPENED,OPENED,OPENED,OPENED,CLOSED,CLOSED
